﻿CategoryName,CategoryTypeName,Sequence
Most deprived decile,General Practice deprivation deciles: (Index of Multiple Deprivation 2010),10
Second most deprived decile,General Practice deprivation deciles: (Index of Multiple Deprivation 2010),9
Third more deprived decile,General Practice deprivation deciles: (Index of Multiple Deprivation 2010),8
Fourth more deprived decile,General Practice deprivation deciles: (Index of Multiple Deprivation 2010),7
Fifth more deprived decile,General Practice deprivation deciles: (Index of Multiple Deprivation 2010),6
Fifth less deprived decile,General Practice deprivation deciles: (Index of Multiple Deprivation 2010),5
Fourth less deprived decile,General Practice deprivation deciles: (Index of Multiple Deprivation 2010),4
Third less deprived decile,General Practice deprivation deciles: (Index of Multiple Deprivation 2010),3
Second least deprived decile,General Practice deprivation deciles: (Index of Multiple Deprivation 2010),2
Least deprived decile,General Practice deprivation deciles: (Index of Multiple Deprivation 2010),1
Most deprived decile,Counties and Unitary Authorities deprivation deciles: Apr 2021 geography (Index of Multiple Deprivation 2019),10
Second most deprived decile,Counties and Unitary Authorities deprivation deciles: Apr 2021 geography (Index of Multiple Deprivation 2019),9
Third more deprived decile,Counties and Unitary Authorities deprivation deciles: Apr 2021 geography (Index of Multiple Deprivation 2019),8
Fourth more deprived decile,Counties and Unitary Authorities deprivation deciles: Apr 2021 geography (Index of Multiple Deprivation 2019),7
Fifth more deprived decile,Counties and Unitary Authorities deprivation deciles: Apr 2021 geography (Index of Multiple Deprivation 2019),6
Fifth less deprived decile,Counties and Unitary Authorities deprivation deciles: Apr 2021 geography (Index of Multiple Deprivation 2019),5
Fourth less deprived decile,Counties and Unitary Authorities deprivation deciles: Apr 2021 geography (Index of Multiple Deprivation 2019),4
Third less deprived decile,Counties and Unitary Authorities deprivation deciles: Apr 2021 geography (Index of Multiple Deprivation 2019),3
Second least deprived decile,Counties and Unitary Authorities deprivation deciles: Apr 2021 geography (Index of Multiple Deprivation 2019),2
Least deprived decile,Counties and Unitary Authorities deprivation deciles: Apr 2021 geography (Index of Multiple Deprivation 2019),1
Most deprived decile,Districts and Unitary Authorities deprivation deciles: Apr 2021 geography (Index of Multiple Deprivation 2019),10
Second most deprived decile,Districts and Unitary Authorities deprivation deciles: Apr 2021 geography (Index of Multiple Deprivation 2019),9
Third more deprived decile,Districts and Unitary Authorities deprivation deciles: Apr 2021 geography (Index of Multiple Deprivation 2019),8
Fourth more deprived decile,Districts and Unitary Authorities deprivation deciles: Apr 2021 geography (Index of Multiple Deprivation 2019),7
Fifth more deprived decile,Districts and Unitary Authorities deprivation deciles: Apr 2021 geography (Index of Multiple Deprivation 2019),6
Fifth less deprived decile,Districts and Unitary Authorities deprivation deciles: Apr 2021 geography (Index of Multiple Deprivation 2019),5
Fourth less deprived decile,Districts and Unitary Authorities deprivation deciles: Apr 2021 geography (Index of Multiple Deprivation 2019),4
Third less deprived decile,Districts and Unitary Authorities deprivation deciles: Apr 2021 geography (Index of Multiple Deprivation 2019),3
Second least deprived decile,Districts and Unitary Authorities deprivation deciles: Apr 2021 geography (Index of Multiple Deprivation 2019),2
Least deprived decile,Districts and Unitary Authorities deprivation deciles: Apr 2021 geography (Index of Multiple Deprivation 2019),1
Most deprived decile,Counties and Unitary Authorities deprivation deciles: Apr 2023 geography (Index of Multiple Deprivation 2019),10
Second most deprived decile,Counties and Unitary Authorities deprivation deciles: Apr 2023 geography (Index of Multiple Deprivation 2019),9
Third more deprived decile,Counties and Unitary Authorities deprivation deciles: Apr 2023 geography (Index of Multiple Deprivation 2019),8
Fourth more deprived decile,Counties and Unitary Authorities deprivation deciles: Apr 2023 geography (Index of Multiple Deprivation 2019),7
Fifth more deprived decile,Counties and Unitary Authorities deprivation deciles: Apr 2023 geography (Index of Multiple Deprivation 2019),6
Fifth less deprived decile,Counties and Unitary Authorities deprivation deciles: Apr 2023 geography (Index of Multiple Deprivation 2019),5
Fourth less deprived decile,Counties and Unitary Authorities deprivation deciles: Apr 2023 geography (Index of Multiple Deprivation 2019),4
Third less deprived decile,Counties and Unitary Authorities deprivation deciles: Apr 2023 geography (Index of Multiple Deprivation 2019),3
Second least deprived decile,Counties and Unitary Authorities deprivation deciles: Apr 2023 geography (Index of Multiple Deprivation 2019),2
Least deprived decile,Counties and Unitary Authorities deprivation deciles: Apr 2023 geography (Index of Multiple Deprivation 2019),1
Most deprived decile,Districts and Unitary Authorities deprivation deciles: Apr 2023 geography (Index of Multiple Deprivation 2019),10
Second most deprived decile,Districts and Unitary Authorities deprivation deciles: Apr 2023 geography (Index of Multiple Deprivation 2019),9
Third more deprived decile,Districts and Unitary Authorities deprivation deciles: Apr 2023 geography (Index of Multiple Deprivation 2019),8
Fourth more deprived decile,Districts and Unitary Authorities deprivation deciles: Apr 2023 geography (Index of Multiple Deprivation 2019),7
Fifth more deprived decile,Districts and Unitary Authorities deprivation deciles: Apr 2023 geography (Index of Multiple Deprivation 2019),6
Fifth less deprived decile,Districts and Unitary Authorities deprivation deciles: Apr 2023 geography (Index of Multiple Deprivation 2019),5
Fourth less deprived decile,Districts and Unitary Authorities deprivation deciles: Apr 2023 geography (Index of Multiple Deprivation 2019),4
Third less deprived decile,Districts and Unitary Authorities deprivation deciles: Apr 2023 geography (Index of Multiple Deprivation 2019),3
Second least deprived decile,Districts and Unitary Authorities deprivation deciles: Apr 2023 geography (Index of Multiple Deprivation 2019),2
Least deprived decile,Districts and Unitary Authorities deprivation deciles: Apr 2023 geography (Index of Multiple Deprivation 2019),1
Most deprived decile,Counties and Unitary Authorities deprivation deciles: Apr 2019 and Apr 2020 geography (Index of Multiple Deprivation 2019),10
Fourth less deprived decile,Counties and Unitary Authorities deprivation deciles: Apr 2019 and Apr 2020 geography (Index of Multiple Deprivation 2019),4
Most deprived decile,Districts and Unitary Authorities deprivation deciles: Apr 2020 geography (Index of Multiple Deprivation 2019),10
Third more deprived decile,Districts and Unitary Authorities deprivation deciles: Apr 2020 geography (Index of Multiple Deprivation 2019),8
Fifth more deprived decile,Districts and Unitary Authorities deprivation deciles: Apr 2020 geography (Index of Multiple Deprivation 2019),6
Fourth less deprived decile,Districts and Unitary Authorities deprivation deciles: Apr 2020 geography (Index of Multiple Deprivation 2019),4
Least deprived decile,Districts and Unitary Authorities deprivation deciles: Apr 2020 geography (Index of Multiple Deprivation 2019),1
Fifth less deprived decile,Counties and Unitary Authorities deprivation deciles: Apr 2019 and Apr 2020 geography (Index of Multiple Deprivation 2019),5
Fourth more deprived decile,Districts and Unitary Authorities deprivation deciles: Apr 2020 geography (Index of Multiple Deprivation 2019),7
Third less deprived decile,Districts and Unitary Authorities deprivation deciles: Apr 2020 geography (Index of Multiple Deprivation 2019),3
Fifth more deprived decile,Counties and Unitary Authorities deprivation deciles: Apr 2019 and Apr 2020 geography (Index of Multiple Deprivation 2019),6
Second least deprived decile,Counties and Unitary Authorities deprivation deciles: Apr 2019 and Apr 2020 geography (Index of Multiple Deprivation 2019),2
Least deprived decile,Counties and Unitary Authorities deprivation deciles: Apr 2019 and Apr 2020 geography (Index of Multiple Deprivation 2019),1
Second most deprived decile,Counties and Unitary Authorities deprivation deciles: Apr 2019 and Apr 2020 geography (Index of Multiple Deprivation 2019),9
Third more deprived decile,Counties and Unitary Authorities deprivation deciles: Apr 2019 and Apr 2020 geography (Index of Multiple Deprivation 2019),8
Fourth more deprived decile,Counties and Unitary Authorities deprivation deciles: Apr 2019 and Apr 2020 geography (Index of Multiple Deprivation 2019),7
Third less deprived decile,Counties and Unitary Authorities deprivation deciles: Apr 2019 and Apr 2020 geography (Index of Multiple Deprivation 2019),3
Most deprived decile,Clinical Commissioning Groups deprivation deciles: 2021 geography (Index of Multiple Deprivation 2019),10
Second most deprived decile,Clinical Commissioning Groups deprivation deciles: 2021 geography (Index of Multiple Deprivation 2019),9
Third more deprived decile,Clinical Commissioning Groups deprivation deciles: 2021 geography (Index of Multiple Deprivation 2019),8
Fourth more deprived decile,Clinical Commissioning Groups deprivation deciles: 2021 geography (Index of Multiple Deprivation 2019),7
Fifth more deprived decile,Clinical Commissioning Groups deprivation deciles: 2021 geography (Index of Multiple Deprivation 2019),6
Fifth less deprived decile,Clinical Commissioning Groups deprivation deciles: 2021 geography (Index of Multiple Deprivation 2019),5
Fourth less deprived decile,Clinical Commissioning Groups deprivation deciles: 2021 geography (Index of Multiple Deprivation 2019),4
Third less deprived decile,Clinical Commissioning Groups deprivation deciles: 2021 geography (Index of Multiple Deprivation 2019),3
Second least deprived decile,Clinical Commissioning Groups deprivation deciles: 2021 geography (Index of Multiple Deprivation 2019),2
Least deprived decile,Clinical Commissioning Groups deprivation deciles: 2021 geography (Index of Multiple Deprivation 2019),1
Most deprived decile,LSOA11 deprivation deciles: (Index of Multiple Deprivation trend),10
Second most deprived decile,LSOA11 deprivation deciles: (Index of Multiple Deprivation trend),9
Third more deprived decile,LSOA11 deprivation deciles: (Index of Multiple Deprivation trend),8
Fourth more deprived decile,LSOA11 deprivation deciles: (Index of Multiple Deprivation trend),7
Fifth more deprived decile,LSOA11 deprivation deciles: (Index of Multiple Deprivation trend),6
Fifth less deprived decile,LSOA11 deprivation deciles: (Index of Multiple Deprivation trend),5
Fourth less deprived decile,LSOA11 deprivation deciles: (Index of Multiple Deprivation trend),4
Third less deprived decile,LSOA11 deprivation deciles: (Index of Multiple Deprivation trend),3
Second least deprived decile,LSOA11 deprivation deciles: (Index of Multiple Deprivation trend),2
Least deprived decile,LSOA11 deprivation deciles: (Index of Multiple Deprivation trend),1
Most deprived decile,Districts and Unitary Authorities deprivation deciles: Apr 2019 geography (Index of Multiple Deprivation 2019),10
Second most deprived decile,Districts and Unitary Authorities deprivation deciles: Apr 2019 geography (Index of Multiple Deprivation 2019),9
Third more deprived decile,Districts and Unitary Authorities deprivation deciles: Apr 2019 geography (Index of Multiple Deprivation 2019),8
Fourth more deprived decile,Districts and Unitary Authorities deprivation deciles: Apr 2019 geography (Index of Multiple Deprivation 2019),7
Fifth more deprived decile,Districts and Unitary Authorities deprivation deciles: Apr 2019 geography (Index of Multiple Deprivation 2019),6
Fifth less deprived decile,Districts and Unitary Authorities deprivation deciles: Apr 2019 geography (Index of Multiple Deprivation 2019),5
Fourth less deprived decile,Districts and Unitary Authorities deprivation deciles: Apr 2019 geography (Index of Multiple Deprivation 2019),4
Third less deprived decile,Districts and Unitary Authorities deprivation deciles: Apr 2019 geography (Index of Multiple Deprivation 2019),3
Second least deprived decile,Districts and Unitary Authorities deprivation deciles: Apr 2019 geography (Index of Multiple Deprivation 2019),2
Least deprived decile,Districts and Unitary Authorities deprivation deciles: Apr 2019 geography (Index of Multiple Deprivation 2019),1
Second most deprived decile,Districts and Unitary Authorities deprivation deciles: Apr 2020 geography (Index of Multiple Deprivation 2019),9
Fifth less deprived decile,Districts and Unitary Authorities deprivation deciles: Apr 2020 geography (Index of Multiple Deprivation 2019),5
Second least deprived decile,Districts and Unitary Authorities deprivation deciles: Apr 2020 geography (Index of Multiple Deprivation 2019),2
Most deprived decile,Counties and Unitary Authorities deprivation deciles: before Apr 2019 geography (Index of Multiple Deprivation 2015),10
Second most deprived decile,Counties and Unitary Authorities deprivation deciles: before Apr 2019 geography (Index of Multiple Deprivation 2015),9
Third more deprived decile,Counties and Unitary Authorities deprivation deciles: before Apr 2019 geography (Index of Multiple Deprivation 2015),8
Fourth more deprived decile,Counties and Unitary Authorities deprivation deciles: before Apr 2019 geography (Index of Multiple Deprivation 2015),7
Fifth more deprived decile,Counties and Unitary Authorities deprivation deciles: before Apr 2019 geography (Index of Multiple Deprivation 2015),6
Fifth less deprived decile,Counties and Unitary Authorities deprivation deciles: before Apr 2019 geography (Index of Multiple Deprivation 2015),5
Fourth less deprived decile,Counties and Unitary Authorities deprivation deciles: before Apr 2019 geography (Index of Multiple Deprivation 2015),4
Third less deprived decile,Counties and Unitary Authorities deprivation deciles: before Apr 2019 geography (Index of Multiple Deprivation 2015),3
Second least deprived decile,Counties and Unitary Authorities deprivation deciles: before Apr 2019 geography (Index of Multiple Deprivation 2015),2
Least deprived decile,Counties and Unitary Authorities deprivation deciles: before Apr 2019 geography (Index of Multiple Deprivation 2015),1
Most deprived decile,Districts and Unitary Authorities deprivation deciles: before Apr 2019 geography (Index of Multiple Deprivation 2015),10
Second most deprived decile,Districts and Unitary Authorities deprivation deciles: before Apr 2019 geography (Index of Multiple Deprivation 2015),9
Third more deprived decile,Districts and Unitary Authorities deprivation deciles: before Apr 2019 geography (Index of Multiple Deprivation 2015),8
Fourth more deprived decile,Districts and Unitary Authorities deprivation deciles: before Apr 2019 geography (Index of Multiple Deprivation 2015),7
Fifth more deprived decile,Districts and Unitary Authorities deprivation deciles: before Apr 2019 geography (Index of Multiple Deprivation 2015),6
Fifth less deprived decile,Districts and Unitary Authorities deprivation deciles: before Apr 2019 geography (Index of Multiple Deprivation 2015),5
Fourth less deprived decile,Districts and Unitary Authorities deprivation deciles: before Apr 2019 geography (Index of Multiple Deprivation 2015),4
Third less deprived decile,Districts and Unitary Authorities deprivation deciles: before Apr 2019 geography (Index of Multiple Deprivation 2015),3
Second least deprived decile,Districts and Unitary Authorities deprivation deciles: before Apr 2019 geography (Index of Multiple Deprivation 2015),2
Least deprived decile,Districts and Unitary Authorities deprivation deciles: before Apr 2019 geography (Index of Multiple Deprivation 2015),1
