  241 |Diabetes prevalence aged 17 years and over (Quality and Outcomes Framework)                                                 |false
  247 |Dementia prevalence (Quality and Outcomes Framework)                                                                        |false
  352 |People with caring responsibility aged 16 years and over                                                                    |false
  383 |People reporting Alzheimer's disease or dementia                                                                            |false
20401 |Conception rate in females aged 17 years and under                                                                 |false
22401 |Emergency hospital admissions due to falls aged 65 years and over                                                           |false
30302 |Population vaccination coverage: Hepatitis B aged 2 years                                                                   |false
41101 |Emergency readmissions within 30 days of discharge from hospital                                                            |false
41203 |Preventable sight loss from diabetic eye disease                                                                            |false
90453 |Former smokers (GP Patient Survey)                                                                                          |false
91040 |NHS Health Checks offered to the total eligible population in the quarter                                                   |false
91344 |Urgent suspected cancer referrals (indirectly age-gender standardised referral ratio)                                       |false
91894 |Deaths in hospital for people with dementia aged 65 years and over                                                          |false
92026 |Obesity prevalence (including severe obesity) in Reception Year aged 4 to 5 years  (5 years data combined)                  |false
92033 |Obesity prevalence (including severe obesity) in Year 6 aged 10 to 11 years (5 years data combined)                         |false
92266 |General fertility rate in females                                                                                           |false
92904 |Admission episodes for alcohol-specific conditions aged 17 years and under                                                  |false
93015 |Physically inactive adults aged 19 years and over                                                                           |false
93085 |Smokers at time of childbirth delivery                                                                                      |false
93088 |Overweight prevalence (including obesity) in adults aged 18 years and over (using adjusted self-reported height and weight) |false
93124 |Acute hepatitis B incidence rate                                                                              |false
93474 |Deaths in hospital                                                                                                          |false
93553 |Deprivation score (Index of Multiple Deprivation 2019)                                                                      |false
93701 |Children in absolute low income families aged 15 years and under                                                            |false
93748 |Smoking attributable mortality (new method)                                                                                 |false
93763 |Alcohol-related mortality                                                                                                   |false
93861 |Particulate air pollution attributable mortality (new method)                                                               |false
94035 |Admissions to hospital for cataract surgery aged 65 years and over                                                          |false
94063 |Breast screening coverage aged 53 to 70 years                                                                               |false
94103 |Perinatal mental health conditions prevalence (model-based estimated)                                                       |false
92708 |                                                                                                                            |true
  337 |                                                                                                                            |true