﻿241,Diabetes prevalence aged 17 years and over (Quality and Outcomes Framework),Confidence intervals overlapping reference value (99.8),No judgement
247,Dementia prevalence (Quality and Outcomes Framework),Confidence intervals overlapping reference value (99.8),No judgement
352,People with caring responsibility aged 16 years and over,Quintiles,No judgement
383,People reporting Alzheimer's disease or dementia,Quintiles,No judgement
20401,Conception rate in females aged 17 years and under,Confidence intervals overlapping reference value (95.0),Low is good
22401,Emergency hospital admissions due to falls aged 65 years and over,Confidence intervals overlapping reference value (95.0),Low is good
30302,Hepatitis B vaccination coverage aged 2 years,Confidence intervals overlapping reference value (95.0),High is good
41101,Emergency readmissions within 30 days of discharge from hospital,Confidence intervals overlapping reference value (95.0),Low is good
41203,Preventable sight loss from diabetic eye disease ,Confidence intervals overlapping reference value (95.0),Low is good
90453,Former smokers (GP Patient Survey),Quintiles,No judgement
91344,Urgent suspected cancer referrals ,Confidence intervals overlapping reference value (99.8),No judgement
91894,Deaths in hospital for people with dementia aged 65 years and over,Confidence intervals overlapping reference value (95.0),No judgement
92266,General fertility rate in females,Confidence intervals overlapping reference value (95.0),No judgement
93015,Physically inactive in adults aged 19 years and over,Confidence intervals overlapping reference value (95.0),Low is good
93085,Smokers at time of childbirth delivery,Confidence intervals overlapping reference value (95.0),Low is good
93088,Overweight prevalence (including obesity) in adults aged 18 years and over,Confidence intervals overlapping reference value (95.0),Low is good
93124,Acute hepatitis B incidence rate ,Confidence intervals overlapping reference value (95.0),Low is good
93474,Deaths in hospital,Confidence intervals overlapping reference value (95.0),No judgement
93553,Deprivation score (Index of Multiple Deprivation 2019),Quintiles,Low is good
93701,Children in absolute low income families aged 15 years and under,Confidence intervals overlapping reference value (95.0),Low is good
93763,Alcohol-related mortality,Confidence intervals overlapping reference value (95.0),Low is good
93861,Particulate air pollution attributable mortality (new method),No comparison,No judgement
94035,Hospital admissions for cataract surgery aged 65 years and over,Confidence intervals overlapping reference value (99.8),No judgement
94063,Breast screening coverage aged 53 to 70 years,Confidence intervals overlapping reference value (99.8),No judgement
94103,Perinatal mental health conditions prevalence ,Quintiles,Low is good
92708,Resident population,,
337,GP registered population by sex and quinary age band,,
108,Mortality rate for all causes aged 74 and under,Confidence intervals overlapping reference value (95.0),Low is good
90362,Healthy life expectancy at birth,Confidence intervals overlapping reference value (95.0),Low is good
91040,NHS Health Checks offered to the total eligible population in the quarter ,Confidence intervals overlapping reference value (95.0),Low is good
91102,Life expectancy aged 65 ,Confidence intervals overlapping reference value (95.0),High is good
91112,People receiving an NHS Health Check,Confidence intervals overlapping reference value (95.0),High is good
92033,Obesity prevalence including severe obesity in Year 6,Confidence intervals overlapping reference value (95.0),High is good
92904,Hospital admission episodes for alcohol-specific conditions aged 17 and under,Confidence intervals overlapping reference value (95.0),Low is good
93283,Life expectancy at birth aged 90 and over,Confidence intervals overlapping reference value (95.0),High is good
93415,Community onset healthcare-associated clostridium difficile rates,Quintiles,No judgement
93468,GP registered populations by age group,Quintiles,No judgement
