﻿241,Diabetes prevalence aged 17 years and over (Quality and Outcomes Framework),Confidence intervals overlapping reference value (99.8),No judgement,,false,true
247,Dementia prevalence (Quality and Outcomes Framework),Confidence intervals overlapping reference value (99.8),No judgement,,false,false
352,People with caring responsibility aged 16 years and over,Quintiles,No judgement,,false,false
383,People reporting Alzheimer's disease or dementia,Quintiles,No judgement,,false,false
20401,Conception rate in females aged 17 years and under,Confidence intervals overlapping reference value (95.0),Low is good,,false,false
22401,Emergency hospital admissions due to falls aged 65 years and over,Confidence intervals overlapping reference value (95.0),Low is good,,false,false
30302,Hepatitis B vaccination coverage aged 2 years,Confidence intervals overlapping reference value (95.0),High is good,,false,false
41101,Emergency readmissions within 30 days of discharge from hospital,Confidence intervals overlapping reference value (95.0),Low is good,,false,false
41203,Preventable sight loss from diabetic eye disease,Confidence intervals overlapping reference value (95.0),Low is good,,false,false
90453,Former smokers (GP Patient Survey),Quintiles,No judgement,,false,false
91344,Urgent suspected cancer referrals,Confidence intervals overlapping reference value (99.8),No judgement,,false,false
91894,Deaths in hospital for people with dementia aged 65 years and over,Confidence intervals overlapping reference value (95.0),No judgement,,false,false
92266,General fertility rate in females,Confidence intervals overlapping reference value (95.0),No judgement,,false,false
93015,Physically inactive in adults aged 19 years and over,Confidence intervals overlapping reference value (95.0),Low is good,,false,false
93085,Smokers at time of childbirth delivery,Confidence intervals overlapping reference value (95.0),Low is good,,false,false
93088,Overweight prevalence (including obesity) in adults aged 18 years and over,Confidence intervals overlapping reference value (95.0),Low is good,,false,false
93124,Acute hepatitis B incidence rate,Confidence intervals overlapping reference value (95.0),Low is good,,false,false
93474,Deaths in hospital,Confidence intervals overlapping reference value (95.0),No judgement,,false,false
93553,Deprivation score (Index of Multiple Deprivation 2019),Quintiles,Low is good,,false,false
93701,Children in absolute low income families aged 15 years and under,Confidence intervals overlapping reference value (95.0),Low is good,,false,false
93763,Alcohol-related mortality,Confidence intervals overlapping reference value (95.0),Low is good,,false,false
93861,Particulate air pollution attributable mortality (new method),No comparison,No judgement,,false,false
94035,Hospital admissions for cataract surgery aged 65 years and over,Confidence intervals overlapping reference value (99.8),No judgement,,false,false
94063,Breast screening coverage aged 53 to 70 years,Confidence intervals overlapping reference value (99.8),No judgement,,false,false
94103,Perinatal mental health conditions prevalence,Quintiles,Low is good,,false,false
92708,Resident population,,,,false,false
337,GP registered population by sex and quinary age band,,,,false,false
108,Mortality rate for all causes aged 74 and under,Confidence intervals overlapping reference value (95.0),Low is good,,false,false
90362,Healthy life expectancy at birth,Confidence intervals overlapping reference value (95.0),Low is good,,false,false
91040,NHS Health Checks offered to the total eligible population in the quarter,Confidence intervals overlapping reference value (95.0),Low is good,,false,false
91102,Life expectancy aged 65,Confidence intervals overlapping reference value (95.0),High is good,,false,false
91112,People receiving an NHS Health Check,Confidence intervals overlapping reference value (95.0),High is good,,true,false
92033,Obesity prevalence including severe obesity in Year 6,Confidence intervals overlapping reference value (95.0),High is good,,false,false
92904,Hospital admission episodes for alcohol-specific conditions aged 17 and under,Confidence intervals overlapping reference value (95.0),Low is good,,false,false
93283,Life expectancy at birth aged 90 and over,Confidence intervals overlapping reference value (95.0),High is good,,false,false
93415,Community onset healthcare-associated clostridium difficile rates,Quintiles,No judgement,monthly,false,false
93468,GP registered populations by age group,Quintiles,No judgement,,false,false
